1|Tackle
1|Growl
1|VineWhip
1|RazorLeaf
1|PoisonPowder
1|Growth
1|SleepPowder
1|SolarBeam
1|SwordsDance
1|BodySlam
1|TakeDown
1|DoubleEdge
1|Rage
1|MegaDrain
1|Mimic
1|Rest
1|Cut
2|Tackle
2|Growl
2|VineWhip
2|RazorLeaf
2|PoisonPowder
2|Growth
2|SleepPowder
2|SolarBeam
2|SwordsDance
2|BodySlam
2|TakeDown
2|DoubleEdge
2|Rage
2|MegaDrain
2|Mimic
2|Rest
2|Cut
3|Tackle
3|Growl
3|VineWhip
3|RazorLeaf
3|PoisonPowder
3|Growth
3|SleepPowder
3|SolarBeam
3|SwordsDance
3|BodySlam
3|TakeDown
3|DoubleEdge
3|Rage
3|MegaDrain
3|Mimic
3|Rest
3|Cut
3|HyperBeam
4|Scratch
4|Growl
4|Ember
4|Leer
4|Rage
4|Slash
4|Flamethrower
4|FireSpin
4|MegaPunch
4|SwordsDance
4|MegaKick
4|BodySlam
4|TakeDown
4|DoubleEdge
4|Submission
4|Counter
4|SeismicToss
4|Rage
4|DragonRage
4|Dig
4|Mimic
4|FireBlast
4|Swift
4|SkullBash
4|Rest
4|Cut
4|Strength
5|Scratch
5|Growl
5|Ember
5|Leer
5|Rage
5|Slash
5|Flamethrower
5|FireSpin
5|MegaPunch
5|SwordsDance
5|MegaKick
5|BodySlam
5|TakeDown
5|DoubleEdge
5|Submission
5|Counter
5|SeismicToss
5|Rage
5|DragonRage
5|Dig
5|Mimic
5|FireBlast
5|Swift
5|SkullBash
5|Rest
5|Cut
5|Strength
6|Scratch
6|Growl
6|Ember
6|Leer
6|Rage
6|Slash
6|Flamethrower
6|FireSpin
6|MegaPunch
6|SwordsDance
6|MegaKick
6|BodySlam
6|TakeDown
6|DoubleEdge
6|Submission
6|Counter
6|SeismicToss
6|Rage
6|DragonRage
6|Dig
6|Mimic
6|FireBlast
6|Swift
6|SkullBash
6|Rest
6|Cut
6|Strength
6|Fly
6|Earthquake
6|HyperBeam
7|Tackle
7|TailWhip
7|Bubble
7|WaterGun
7|Bite
7|Withdraw
7|SkullBash
7|HydroPump
7|MegaPunch
7|MegaKick
7|BodySlam
7|TakeDown
7|DoubleEdge
7|BubbleBeam
7|WaterGun
7|IceBeam
7|Blizzard
7|Submission
7|Counter
7|SeismicToss
7|Rage
7|Dig
7|Mimic
7|Rest
7|Surf
7|Strength
8|Tackle
8|TailWhip
8|Bubble
8|WaterGun
8|Bite
8|Withdraw
8|SkullBash
8|HydroPump
8|MegaPunch
8|MegaKick
8|BodySlam
8|TakeDown
8|DoubleEdge
8|BubbleBeam
8|WaterGun
8|IceBeam
8|Blizzard
8|Submission
8|Counter
8|SeismicToss
8|Rage
8|Dig
8|Mimic
8|Rest
8|Surf
8|Strength
9|Tackle
9|TailWhip
9|Bubble
9|WaterGun
9|Bite
9|Withdraw
9|SkullBash
9|HydroPump
9|MegaPunch
9|MegaKick
9|BodySlam
9|TakeDown
9|DoubleEdge
9|BubbleBeam
9|WaterGun
9|IceBeam
9|Blizzard
9|Submission
9|Counter
9|SeismicToss
9|Rage
9|Dig
9|Mimic
9|Rest
9|Surf
9|Strength
9|HyperBeam
9|Earthquake
10|Tackle
10|StringShot
11|Tackle
11|StringShot
11|Harden
12|Tackle
12|StringShot
12|Harden
12|Confusion
12|PoisonPowder
12|SleepPowder
12|StunSpore
12|Supersonic
12|Gust
12|Psybeam
12|RazorWind
12|TakeDown
12|DoubleEdge
12|HyperBeam
12|Rage
12|MegaDrain
12|SolarBeam
12|Psychic
12|Mimic
12|Swift
12|Rest
12|Psywave
13|PoisonSting
13|StringShot
14|PoisonSting
14|StringShot
14|Harden
15|FuryAttack
15|FocusEnergy
15|Twineedle
15|Rage
15|PinMissile
15|Agility
15|SwordsDance
15|TakeDown
15|DoubleEdge
15|HyperBeam
15|Rage
15|MegaDrain
15|Mimic
15|Swift
15|SkullBash
15|Rest
15|Cut
15|PoisonSting
15|StringShot
15|Harden
16|Gust
16|QuickAttack
16|WingAttack
16|Agility
16|MirrorMove
16|RazorWind
16|TakeDown
16|DoubleEdge
16|Rage
16|Mimic
16|SkyAttack
16|Rest
16|Fly
17|Gust
17|QuickAttack
17|WingAttack
17|Agility
17|MirrorMove
17|RazorWind
17|TakeDown
17|DoubleEdge
17|Rage
17|Mimic
17|SkyAttack
17|Rest
17|Fly
18|Gust
18|QuickAttack
18|WingAttack
18|Agility
18|MirrorMove
18|RazorWind
18|TakeDown
18|DoubleEdge
18|Rage
18|Mimic
18|SkyAttack
18|Rest
18|Fly
18|HyperBeam
19|Tackle
19|TailWhip
19|QuickAttack
19|HyperFang
19|FocusEnergy
19|SuperFang
19|BodySlam
19|TakeDown
19|DoubleEdge
19|BubbleBeam
19|WaterGun
19|Blizzard
19|Rage
19|Thunderbolt
19|Thunder
19|Dig
19|Swift
19|SkullBash
19|Mimic
19|Rest
20|Tackle
20|TailWhip
20|QuickAttack
20|HyperFang
20|FocusEnergy
20|SuperFang
20|BodySlam
20|TakeDown
20|DoubleEdge
20|BubbleBeam
20|WaterGun
20|Blizzard
20|Rage
20|Thunderbolt
20|Thunder
20|Dig
20|Swift
20|SkullBash
20|Mimic
20|Rest
20|HyperBeam
21|Peck
21|Growl
21|Leer
21|FuryAttack
21|MirrorMove
21|DrillPeck
21|Agility
21|RazorWind
21|TakeDown
21|DoubleEdge
21|Rage
21|Mimic
21|Swift
21|SkyAttack
21|Rest
21|Fly
22|Peck
22|Growl
22|Leer
22|FuryAttack
22|MirrorMove
22|DrillPeck
22|Agility
22|RazorWind
22|TakeDown
22|DoubleEdge
22|Rage
22|Mimic
22|Swift
22|SkyAttack
22|Rest
22|Fly
22|HyperBeam
23|Wrap
23|BodySlam
23|Leer
23|PoisonSting
23|Bite
23|Glare
23|Screech
23|Acid
23|TakeDown
23|Rage
23|MegaDrain
23|Earthquake
23|Dig
23|Mimic
23|SkullBash
23|Rest
23|RockSlide
23|Strength
24|Wrap
24|BodySlam
24|Leer
24|PoisonSting
24|Bite
24|Glare
24|Screech
24|Acid
24|TakeDown
24|Rage
24|MegaDrain
24|Earthquake
24|Dig
24|Mimic
24|SkullBash
24|Rest
24|RockSlide
24|Strength
24|HyperBeam
25|Thundershock
25|Growl
25|TailWhip
25|ThunderWave
25|QuickAttack
25|Slam
25|Thunderbolt
25|Agility
25|Thunder
25|MegaPunch
25|MegaKick
25|BodySlam
25|TakeDown
25|DoubleEdge
25|PayDay
25|Submission
25|SeismicToss
25|Rage
25|Mimic
25|Swift
25|SkullBash
25|Rest
26|Thundershock
26|Growl
26|TailWhip
26|ThunderWave
26|QuickAttack
26|Slam
26|Thunderbolt
26|Agility
26|Thunder
26|MegaPunch
26|MegaKick
26|BodySlam
26|TakeDown
26|DoubleEdge
26|PayDay
26|Submission
26|SeismicToss
26|Rage
26|Mimic
26|Swift
26|SkullBash
26|Rest
26|HyperBeam
27|Scratch
27|Slash
27|PoisonSting
27|Swift
27|FurySwipes
27|SwordsDance
27|BodySlam
27|TakeDown
27|DoubleEdge
27|Submission
27|SeismicToss
27|Rage
27|Earthquake
27|Dig
27|Mimic
27|Swift
27|SkullBash
27|Rest
27|RockSlide
27|Cut
27|Strength
28|Scratch
28|Slash
28|PoisonSting
28|Swift
28|FurySwipes
28|SwordsDance
28|BodySlam
28|TakeDown
28|DoubleEdge
28|Submission
28|SeismicToss
28|Rage
28|Earthquake
28|Dig
28|Mimic
28|Swift
28|SkullBash
28|Rest
28|RockSlide
28|Cut
28|Strength
28|HyperBeam
29|Growl
29|Tackle
29|Scratch
29|PoisonSting
29|TailWhip
29|Bite
29|FurySwipes
29|DoubleKick
29|BodySlam
29|TakeDown
29|DoubleEdge
29|Blizzard
29|Rage
29|Thunderbolt
29|Thunder
29|Mimic
29|SkullBash
29|Rest
30|Growl
30|Tackle
30|Scratch
30|PoisonSting
30|TailWhip
30|Bite
30|FurySwipes
30|DoubleKick
30|BodySlam
30|TakeDown
30|DoubleEdge
30|Blizzard
30|Rage
30|Thunderbolt
30|Thunder
30|Mimic
30|SkullBash
30|Rest
31|Growl
31|Tackle
31|Scratch
31|PoisonSting
31|TailWhip
31|Bite
31|FurySwipes
31|DoubleKick
31|BodySlam
31|TakeDown
31|DoubleEdge
31|Blizzard
31|Rage
31|Thunderbolt
31|Thunder
31|Mimic
31|SkullBash
31|Rest
31|MegaPunch
31|MegaKick
31|BubbleBeam
31|WaterGun
31|IceBeam
31|HyperBeam
31|Earthquake
31|FireBlast
31|Surf
31|Strength
31|RockSlide

32|Leer
32|HornAttack
32|Tackle
32|PoisonSting
32|FuryAttack
32|FocusEnergy
32|DoubleKick
32|BodySlam
32|TakeDown
32|DoubleEdge
32|Blizzard
32|Rage
32|Thunderbolt
32|Thunder
32|Mimic
32|SkullBash
32|Rest

343|Leer
33|HornAttack
33|Tackle
33|PoisonSting
33|FuryAttack
33|FocusEnergy
33|DoubleKick
33|BodySlam
33|TakeDown
33|DoubleEdge
33|Blizzard
33|Rage
33|Thunderbolt
33|Thunder
33|Mimic
33|SkullBash
33|Rest
34|Leer
34|HornAttack
34|Tackle
34|PoisonSting
34|FuryAttack
34|FocusEnergy
34|DoubleKick
34|BodySlam
34|TakeDown
34|DoubleEdge
34|Blizzard
34|Rage
34|Thunderbolt
34|Thunder
34|Mimic
34|SkullBash
34|Rest
34|MegaPunch
34|MegaKick
34|BubbleBeam
34|WaterGun
34|IceBeam
34|HyperBeam
34|Earthquake
34|FireBlast
34|Surf
34|Strength
34|RockSlide

35|Pound
35|Growl
35|Sing
35|DoubleSlap
35|Metronome
35|DefenseCurl
35|MegaPunch
35|MegaKick
35|BodySlam
35|TakeDown
35|DoubleEdge
35|BubbleBeam
35|WaterGun
35|IceBeam
35|Blizzard
35|Submission
35|Counter
35|SeismicToss
35|Rage
35|SolarBeam
35|Thunder
35|Thunderbolt
35|Psychic
35|Mimic
35|FireBlast
35|SkullBash
35|Rest
35|ThunderWave
35|Psywave
35|TriAttack
35|Strength

36|Pound
36|Growl
36|Sing
36|DoubleSlap
36|Metronome
36|DefenseCurl
36|MegaPunch
36|MegaKick
36|BodySlam
36|TakeDown
36|DoubleEdge
36|BubbleBeam
36|WaterGun
36|IceBeam
36|Blizzard
36|Submission
36|Counter
36|SeismicToss
36|Rage
36|SolarBeam
36|Thunder
36|Thunderbolt
36|Psychic
36|Mimic
36|FireBlast
36|SkullBash
36|Rest
36|ThunderWave
36|Psywave
36|TriAttack
36|Strength
36|HyperBeam

37|Ember
37|TailWhip
37|QuickAttack
37|ConfuseRay
37|Flamethrower
37|FireSpin
37|BodySlam
37|TakeDown
37|DoubleEdge
37|Rage
37|Dig
37|Mimic
37|FireBlast
37|Swift
37|SkullBash
37|Rest
38|Ember
38|TailWhip
38|QuickAttack
38|ConfuseRay
38|Flamethrower
38|FireSpin
38|BodySlam
38|TakeDown
38|DoubleEdge
38|Rage
38|Dig
38|Mimic
38|FireBlast
38|Swift
38|SkullBash
38|Rest
38|HyperBeam
39|Sing
39|Pound
39|Disable
39|DefenseCurl
39|DoubleSlap
39|Rest
39|BodySlam
39|DoubleEdge
39|MegaPunch
39|MegaKick
39|BodySlam
39|TakeDown
39|DoubleEdge
39|BubbleBeam
39|WaterGun
39|IceBeam
39|Blizzard
39|Submission
39|SeismicToss
39|Counter
39|Rage
39|SolarBeam
39|Thunderbolt
39|Thunder
39|Psychic
39|Mimic
39|FireBlast
39|SkullBash
39|ThunderWave
39|Psywave
39|TriAttack
39|Strength
40|Sing
40|Pound
40|Disable
40|DefenseCurl
40|DoubleSlap
40|Rest
40|BodySlam
40|DoubleEdge
40|MegaPunch
40|MegaKick
40|BodySlam
40|TakeDown
40|DoubleEdge
40|BubbleBeam
40|WaterGun
40|IceBeam
40|Blizzard
40|Submission
40|SeismicToss
40|Counter
40|Rage
40|SolarBeam
40|Thunderbolt
40|Thunder
40|Psychic
40|Mimic
40|FireBlast
40|SkullBash
40|ThunderWave
40|Psywave
40|TriAttack
40|Strength
40|HyperBeam
41|LeechLife
41|Supersonic
41|Bite
41|ConfuseRay
41|WingAttack
41|Haze
41|RazorWind
41|TakeDown
41|DoubleEdge
41|Rage
41|MegaDrain
41|Mimic
41|Swift
41|Rest
42|LeechLife
42|Supersonic
42|Bite
42|ConfuseRay
42|WingAttack
42|Haze
42|RazorWind
42|TakeDown
42|DoubleEdge
42|Rage
42|MegaDrain
42|Mimic
42|Swift
42|Rest
42|HyperBeam
43|Absorb
43|PoisonPowder
43|StunSpore
43|SleepPowder
43|Acid
43|SolarBeam
43|SwordsDance
43|TakeDown
43|DoubleEdge
43|MegaDrain
43|SolarBeam
43|Mimic
43|Rest
43|Cut
44|Absorb
44|PoisonPowder
44|StunSpore
44|SleepPowder
44|Acid
44|SolarBeam
44|SwordsDance
44|TakeDown
44|DoubleEdge
44|MegaDrain
44|SolarBeam
44|Mimic
44|Rest
44|Cut
45|Absorb
45|PoisonPowder
45|StunSpore
45|SleepPowder
45|Acid
45|SolarBeam
45|SwordsDance
45|TakeDown
45|DoubleEdge
45|MegaDrain
45|SolarBeam
45|Mimic
45|Rest
45|Cut
45|HyperBeam
46|Scratch
46|StunSpore
46|LeechLife
46|Spore
46|Slash
46|Growth
46|SwordsDance
46|BodySlam
46|TakeDown
46|DoubleEdge
46|Rage
46|MegaDrain
46|SolarBeam
46|Dig
46|Mimic
46|SkullBash
46|Rest
46|Cut
47|Scratch
47|StunSpore
47|LeechLife
47|Spore
47|Slash
47|Growth
47|SwordsDance
47|BodySlam
47|TakeDown
47|DoubleEdge
47|Rage
47|MegaDrain
47|SolarBeam
47|Dig
47|Mimic
47|SkullBash
47|Rest
47|Cut
47|HyperBeam
48|Tackle
48|Disable
48|Supersonic
48|Confusion
48|PoisonPowder
48|LeechLife
48|StunSpore
48|Psybeam
48|SleepPowder
48|Psychic
48|TakeDown
48|DoubleEdge
48|Rage
48|MegaDrain
48|SolarBeam
48|Psychic
48|Mimic
48|Rest
48|Psywave
49|Tackle
49|Disable
49|Supersonic
49|Confusion
49|PoisonPowder
49|LeechLife
49|StunSpore
49|Psybeam
49|SleepPowder
49|Psychic
49|TakeDown
49|DoubleEdge
49|Rage
49|MegaDrain
49|SolarBeam
49|Psychic
49|Mimic
49|Rest
49|Psywave
49|RazorWind
49|HyperBeam
50|Scratch
50|Growl
50|Dig
50|Slash
50|Earthquake
50|BodySlam
50|TakeDown
50|DoubleEdge
50|Rage
50|Earthquake
50|Dig
50|Mimic
50|Rest
50|RockSlide
50|Cut
51|Scratch
51|Growl
51|Dig
51|Slash
51|Earthquake
51|BodySlam
51|TakeDown
51|DoubleEdge
51|Rage
51|Earthquake
51|Dig
51|Mimic
51|Rest
51|RockSlide
51|Cut
51|HyperBeam
52|Scratch
52|Growl
52|Bite
52|PayDay
52|Screech
52|FurySwipes
52|Slash
52|BodySlam
52|TakeDown
52|DoubleEdge
52|BubbleBeam
52|WaterGun
52|Rage
52|Thunderbolt
52|Thunder
52|Mimic
52|Swift
52|SkullBash
52|Rest
53|Scratch
53|Growl
53|Bite
53|PayDay
53|Screech
53|FurySwipes
53|Slash
53|BodySlam
53|TakeDown
53|DoubleEdge
53|BubbleBeam
53|WaterGun
53|Rage
53|Thunderbolt
53|Thunder
53|Mimic
53|Swift
53|SkullBash
53|Rest
53|HyperBeam
54|Scratch
54|TailWhip
54|Disable
54|Confusion
54|FurySwipes
54|HydroPump
54|MegaPunch
54|MegaKick
54|BodySlam
54|TakeDown
54|DoubleEdge
54|BubbleBeam
54|WaterGun
54|IceBeam
54|Blizzard
54|PayDay
54|Submission
54|Counter
54|SeismicToss
54|Rage
54|Dig
54|Mimic
54|Swift
54|SkullBash
54|Rest
54|Surf
54|Strength
55|Scratch
55|TailWhip
55|Disable
55|Confusion
55|FurySwipes
55|HydroPump
55|MegaPunch
55|MegaKick
55|BodySlam
55|TakeDown
55|DoubleEdge
55|BubbleBeam
55|WaterGun
55|IceBeam
55|Blizzard
55|PayDay
55|Submission
55|Counter
55|SeismicToss
55|Rage
55|Dig
55|Mimic
55|Swift
55|SkullBash
55|Rest
55|Surf
55|Strength
55|HyperBeam
56|Scratch
56|Leer
56|KarateChop
56|FurySwipes
56|FocusEnergy
56|SeismicToss
56|Screech
56|MegaPunch
56|MegaKick
56|BodySlam
56|TakeDown
56|DoubleEdge
56|PayDay
56|Submission
56|Counter
56|SeismicToss
56|Rage
56|Thunderbolt
56|Thunder
56|Dig
56|Mimic
56|Metronome
56|Swift
56|SkullBash
56|Rest
56|RockSlide
56|Strength
57|Scratch
57|Leer
57|KarateChop
57|FurySwipes
57|FocusEnergy
57|SeismicToss
57|Screech
57|MegaPunch
57|MegaKick
57|BodySlam
57|TakeDown
57|DoubleEdge
57|PayDay
57|Submission
57|Counter
57|SeismicToss
57|Rage
57|Thunderbolt
57|Thunder
57|Dig
57|Mimic
57|Metronome
57|Swift
57|SkullBash
57|Rest
57|RockSlide
57|Strength
57|HyperBeam
58|Bite
58|Ember
58|Leer
58|TakeDown
58|Agility
58|Flamethrower
58|BodySlam
58|TakeDown
58|DoubleEdge
58|Rage
58|DragonRage
58|Dig
58|Mimic
58|FireBlast
58|Swift
58|SkullBash
58|Rest
59|Bite
59|Ember
59|Leer
59|TakeDown
59|Agility
59|Flamethrower
59|BodySlam
59|TakeDown
59|DoubleEdge
59|Rage
59|DragonRage
59|Dig
59|Mimic
59|FireBlast
59|Swift
59|SkullBash
59|Rest
59|HyperBeam
60|Bubble
60|Hypnosis
60|WaterGun
60|DoubleSlap
60|BodySlam
60|Amnesia
60|HydroPump
60|BodySlam
60|TakeDown
60|DoubleEdge
60|BubbleBeam
60|WaterGun
60|IceBeam
60|Blizzard
60|Rage
60|Psychic
60|Mimic
60|SkullBash
60|Rest
60|Psywave
60|Surf
61|Bubble
61|Hypnosis
61|WaterGun
61|DoubleSlap
61|BodySlam
61|Amnesia
61|HydroPump
61|BodySlam
61|TakeDown
61|DoubleEdge
61|BubbleBeam
61|WaterGun
61|IceBeam
61|Blizzard
61|Rage
61|Psychic
61|Mimic
61|SkullBash
61|Rest
61|Psywave
61|Surf
61|MegaPunch
61|MegaKick
61|Submission
61|Counter
61|SeismicToss
61|Earthquake
61|Metronome
61|Strength
62|Bubble
62|Hypnosis
62|WaterGun
62|DoubleSlap
62|BodySlam
62|Amnesia
62|HydroPump
62|BodySlam
62|TakeDown
62|DoubleEdge
62|BubbleBeam
62|WaterGun
62|IceBeam
62|Blizzard
62|Rage
62|Psychic
62|Mimic
62|SkullBash
62|Rest
62|Psywave
62|Surf
62|MegaPunch
62|MegaKick
62|Submission
62|Counter
62|SeismicToss
62|Earthquake
62|Metronome
62|Strength
62|HyperBeam
63|MegaPunch
63|BodySlam
63|TakeDown
63|DoubleEdge
63|Submission
63|Counter
63|SeismicToss
63|Rage
63|Psychic
63|Mimic
63|Metronome
63|SkullBash
63|Rest
63|ThunderWave
63|Psywave
63|TriAttack
64|MegaPunch
64|BodySlam
64|TakeDown
64|DoubleEdge
64|Submission
64|Counter
64|SeismicToss
64|Rage
64|Psychic
64|Mimic
64|Metronome
64|SkullBash
64|Rest
64|ThunderWave
64|Psywave
64|TriAttack
64|Dig
64|Confusion
64|Disable
64|Psybeam
64|Recover
65|MegaPunch
65|BodySlam
65|TakeDown
65|DoubleEdge
65|Submission
65|Counter
65|SeismicToss
65|Rage
65|Psychic
65|Mimic
65|Metronome
65|SkullBash
65|Rest
65|ThunderWave
65|Psywave
65|TriAttack
65|Dig
65|Confusion
65|Disable
65|Psybeam
65|Recover
65|HyperBeam
66|KarateChop
66|Leer
66|FocusEnergy
66|SeismicToss
66|Submission
66|MegaPunch
66|MegaKick
66|BodySlam
66|TakeDown
66|DoubleEdge
66|Submission
66|Counter
66|SeismicToss
66|Rage
66|Earthquake
66|Dig
66|Mimic
66|Metronome
66|FireBlast
66|SkullBash
66|Rest
66|RockSlide
66|Strength
67|KarateChop
67|Leer
67|FocusEnergy
67|SeismicToss
67|Submission
67|MegaPunch
67|MegaKick
67|BodySlam
67|TakeDown
67|DoubleEdge
67|Submission
67|Counter
67|SeismicToss
67|Rage
67|Earthquake
67|Dig
67|Mimic
67|Metronome
67|FireBlast
67|SkullBash
67|Rest
67|RockSlide
67|Strength
68|KarateChop
68|Leer
68|FocusEnergy
68|SeismicToss
68|Submission
68|MegaPunch
68|MegaKick
68|BodySlam
68|TakeDown
68|DoubleEdge
68|Submission
68|Counter
68|SeismicToss
68|Rage
68|Earthquake
68|Dig
68|Mimic
68|Metronome
68|FireBlast
68|SkullBash
68|Rest
68|RockSlide
68|Strength
68|HyperBeam
69|VineWhip
69|Growth
69|Wrap
69|PoisonPowder
69|SleepPowder
69|StunSpore
69|Acid
69|RazorLeaf
69|Slam
69|SwordsDance
69|TakeDown
69|DoubleEdge
69|Rage
69|MegaDrain
69|SolarBeam
69|Mimic
69|Rest
69|Cut
70|VineWhip
70|Growth
70|Wrap
70|PoisonPowder
70|SleepPowder
70|StunSpore
70|Acid
70|RazorLeaf
70|Slam
70|SwordsDance
70|TakeDown
70|DoubleEdge
70|Rage
70|MegaDrain
70|SolarBeam
70|Mimic
70|Rest
70|Cut
71|VineWhip
71|Growth
71|Wrap
71|PoisonPowder
71|SleepPowder
71|StunSpore
71|Acid
71|RazorLeaf
71|Slam
71|SwordsDance
71|TakeDown
71|DoubleEdge
71|Rage
71|MegaDrain
71|SolarBeam
71|Mimic
71|Rest
71|Cut
71|HyperBeam
72|Acid
72|Supersonic
72|Wrap
72|PoisonSting
72|WaterGun
72|Constrict
72|Screech
72|HydroPump
72|SwordsDance
72|TakeDown
72|DoubleEdge
72|BubbleBeam
72|WaterGun
72|IceBeam
72|Blizzard
72|Rage
72|MegaDrain
72|Mimic
72|SkullBash
72|Rest
72|Cut
72|Surf
72|Barrier
73|Acid
73|Supersonic
73|Wrap
73|PoisonSting
73|WaterGun
73|Constrict
73|Screech
73|HydroPump
73|SwordsDance
73|TakeDown
73|DoubleEdge
73|BubbleBeam
73|WaterGun
73|IceBeam
73|Blizzard
73|Rage
73|MegaDrain
73|Mimic
73|SkullBash
73|Rest
73|Cut
73|Surf
73|HyperBeam
73|Barrier
74|Tackle
74|DefenseCurl
74|RockThrow
74|Harden
74|Earthquake
74|MegaPunch
74|BodySlam
74|TakeDown
74|DoubleEdge
74|Submission
74|Counter
74|SeismicToss
74|Rage
74|Dig
74|Mimic
74|Metronome
74|FireBlast
74|Rest
74|RockSlide
74|Strength
75|Tackle
75|DefenseCurl
75|RockThrow
75|Harden
75|Earthquake
75|MegaPunch
75|BodySlam
75|TakeDown
75|DoubleEdge
75|Submission
75|Counter
75|SeismicToss
75|Rage
75|Dig
75|Mimic
75|Metronome
75|FireBlast
75|Rest
75|RockSlide
75|Strength
76|Tackle
76|DefenseCurl
76|RockThrow
76|Harden
76|Earthquake
76|MegaPunch
76|BodySlam
76|TakeDown
76|DoubleEdge
76|Submission
76|Counter
76|SeismicToss
76|Rage
76|Dig
76|Mimic
76|Metronome
76|FireBlast
76|Rest
76|RockSlide
76|Strength
76|HyperBeam
77|Ember
77|TailWhip
77|Stomp
77|Growl
77|FireSpin
77|TakeDown
77|Agility
77|BodySlam
77|TakeDown
77|DoubleEdge
77|Rage
77|Mimic
77|FireBlast
77|Swift
77|SkullBash
77|Rest
78|Ember
78|TailWhip
78|Stomp
78|Growl
78|FireSpin
78|TakeDown
78|Agility
78|BodySlam
78|TakeDown
78|DoubleEdge
78|Rage
78|Mimic
78|FireBlast
78|Swift
78|SkullBash
78|Rest
78|HyperBeam
79|Confusion
79|Disable
79|Headbutt
79|Growl
79|WaterGun
79|Amnesia
79|Psychic
79|BodySlam
79|TakeDown
79|DoubleEdge
79|BubbleBeam
79|IceBeam
79|Blizzard
79|PayDay
79|Rage
79|Earthquake
79|Dig
79|Mimic
79|FireBlast
79|Swift
79|SkullBash
79|Rest
79|ThunderWave
79|Psywave
79|TriAttack
79|Surf
79|Strength
80|Confusion
80|Disable
80|Headbutt
80|Growl
80|WaterGun
80|Amnesia
80|Psychic
80|BodySlam
80|TakeDown
80|DoubleEdge
80|BubbleBeam
80|IceBeam
80|Blizzard
80|PayDay
80|Rage
80|Earthquake
80|Dig
80|Mimic
80|FireBlast
80|Swift
80|SkullBash
80|Rest
80|ThunderWave
80|Psywave
80|TriAttack
80|Surf
80|Strength
80|MegaPunch
80|MegaKick
80|Submission
80|Counter
80|SeismicToss
80|HyperBeam
81|Tackle
81|SonicBoom
81|Thundershock
81|Supersonic
81|ThunderWave
81|Swift
81|Screech
81|TakeDown
81|DoubleEdge
81|Rage
81|Thunderbolt
81|Thunder
81|Mimic
81|Swift
81|Rest
81|ThunderWave
82|Tackle
82|SonicBoom
82|Thundershock
82|Supersonic
82|ThunderWave
82|Swift
82|Screech
82|TakeDown
82|DoubleEdge
82|Rage
82|Thunderbolt
82|Thunder
82|Mimic
82|Swift
82|Rest
82|ThunderWave
82|HyperBeam
83|Peck
83|Leer
83|FuryAttack
83|SwordsDance
83|Agility
83|Slash
83|RazorWind
83|SwordsDance
83|BodySlam
83|TakeDown
83|DoubleEdge
83|Rage
83|Mimic
83|Swift
83|SkullBash
83|Rest
83|Cut
83|Fly
84|Peck
84|Growl
84|FuryAttack
84|DrillPeck
84|Rage
84|TriAttack
84|Agility
84|BodySlam
84|TakeDown
84|DoubleEdge
84|Rage
84|Mimic
84|SkullBash
84|SkyAttack
84|Rest
84|TriAttack
84|Fly
85|Peck
85|Growl
85|FuryAttack
85|DrillPeck
85|Rage
85|TriAttack
85|Agility
85|BodySlam
85|TakeDown
85|DoubleEdge
85|Rage
85|Mimic
85|SkullBash
85|SkyAttack
85|Rest
85|TriAttack
85|Fly
85|HyperBeam
86|Headbutt
86|Growl
86|AuroraBeam
86|Rest
86|TakeDown
86|IceBeam
86|BodySlam
86|TakeDown
86|DoubleEdge
86|BubbleBeam
86|WaterGun
86|IceBeam
86|Blizzard
86|PayDay
86|Rage
86|Mimic
86|SkullBash
86|Rest
86|Surf
86|Strength
87|Headbutt
87|Growl
87|AuroraBeam
87|Rest
87|TakeDown
87|IceBeam
87|BodySlam
87|TakeDown
87|DoubleEdge
87|BubbleBeam
87|WaterGun
87|IceBeam
87|Blizzard
87|PayDay
87|Rage
87|Mimic
87|SkullBash
87|Rest
87|Surf
87|Strength
87|HyperBeam
88|Pound
88|Disable
88|PoisonGas
88|Sludge
88|Harden
88|Screech
88|AcidArmor
88|BodySlam
88|Rage
88|MegaDrain
88|Thunderbolt
88|Thunder
88|Mimic
88|FireBlast
88|Rest
89|Pound
89|Disable
89|PoisonGas
89|Sludge
89|Harden
89|Screech
89|AcidArmor
89|BodySlam
89|Rage
89|MegaDrain
89|Thunderbolt
89|Thunder
89|Mimic
89|FireBlast
89|Rest
89|HyperBeam
90|Tackle
90|Withdraw
90|Supersonic
90|Clamp
90|AuroraBeam
90|Leer
90|IceBeam
90|TakeDown
90|DoubleEdge
90|BubbleBeam
90|WaterGun
90|IceBeam
90|Blizzard
90|Rage
90|Mimic
90|Swift
90|Rest
90|TriAttack
90|Surf
91|Tackle
91|Withdraw
91|Supersonic
91|Clamp
91|AuroraBeam
91|Leer
91|IceBeam
91|TakeDown
91|DoubleEdge
91|BubbleBeam
91|WaterGun
91|IceBeam
91|Blizzard
91|Rage
91|Mimic
91|Swift
91|Rest
91|TriAttack
91|Surf
91|SpikeCannon
91|HyperBeam
92|Lick
92|ConfuseRay
92|NightShade
92|Hypnosis
92|DreamEater
92|Rage
92|MegaDrain
92|Thunderbolt
92|Thunder
92|Psychic
92|Mimic
92|Rest
92|Psywave
93|Lick
93|ConfuseRay
93|NightShade
93|Hypnosis
93|DreamEater
93|Rage
93|MegaDrain
93|Thunderbolt
93|Thunder
93|Psychic
93|Mimic
93|Rest
93|Psywave
94|Lick
93|ConfuseRay
93|NightShade
93|Hypnosis
93|DreamEater
93|Rage
93|MegaDrain
93|Thunderbolt
93|Thunder
93|Psychic
93|Mimic
93|Rest
93|Psywave
94|HyperBeam
94|MegaPunch
94|MegaKick
94|TakeDown
94|DoubleEdge
94|BodySlam
94|Submission
94|SeismicToss
94|Metronome
94|SkullBash
94|Strength
95|Tackle
95|Screech
95|Bind
95|RockThrow
95|Rage
95|Slam
95|Harden
95|BodySlam
95|TakeDown
95|DoubleEdge
95|Rage
95|Earthquake
95|Dig
95|Mimic
95|Rest
95|RockSlide
95|Strength
96|Pound
96|Hypnosis
96|Disable
96|Confusion
96|Headbutt
96|PoisonGas
96|Psychic
96|Meditate
96|MegaPunch
96|MegaKick
96|BodySlam
96|TakeDown
96|DoubleEdge
96|Submission
96|Counter
96|SeismicToss
96|Rage
96|Psychic
96|Mimic
96|Metronome
96|SkullBash
96|DreamEater
96|Rest
96|ThunderWave
96|Psywave
96|TriAttack
97|Pound
97|Hypnosis
97|Disable
97|Confusion
97|Headbutt
97|PoisonGas
97|Psychic
97|Meditate
97|MegaPunch
97|MegaKick
97|BodySlam
97|TakeDown
97|DoubleEdge
97|Submission
97|Counter
97|SeismicToss
97|Rage
97|Psychic
97|Mimic
97|Metronome
97|SkullBash
97|DreamEater
97|Rest
97|ThunderWave
97|Psywave
97|TriAttack
97|HyperBeam
98|Bubble
98|Leer
98|ViceGrip
98|Stomp
98|Crabhammer
98|Harden
98|SwordsDance
98|BodySlam
98|TakeDown
98|DoubleEdge
98|BubbleBeam
98|WaterGun
98|IceBeam
98|Blizzard
98|Rage
98|Mimic
98|SkullBash
98|Rest
98|Cut
98|Surf
98|Strength
99|Bubble
99|Leer
99|ViceGrip
99|Stomp
99|Crabhammer
99|Harden
99|SwordsDance
99|BodySlam
99|TakeDown
99|DoubleEdge
99|BubbleBeam
99|WaterGun
99|IceBeam
99|Blizzard
99|Rage
99|Mimic
99|SkullBash
99|Rest
99|Cut
99|Surf
99|Strength
99|HyperBeam
100|Tackle
100|Screech
100|SonicBoom
100|Swift
100|TakeDown
100|Thunderbolt
100|Thunder
100|Mimic
100|Rest
100|ThunderWave
101|Tackle
101|Screech
101|SonicBoom
101|Swift
101|TakeDown
101|Thunderbolt
101|Thunder
101|Mimic
101|Rest
101|ThunderWave
101|HyperBeam
102|Barrage
102|Hypnosis
102|StunSpore
102|PoisonPowder
102|SolarBeam
102|SleepPowder
102|TakeDown
102|DoubleEdge
102|Rage
102|Psychic
102|Mimic
102|EggBomb
102|Rest
102|Psywave
103|Barrage
102|Hypnosis
102|StunSpore
102|PoisonPowder
102|SolarBeam
102|SleepPowder
102|TakeDown
102|DoubleEdge
102|Rage
102|Psychic
102|Mimic
102|EggBomb
102|Rest
102|Psywave
103|Stomp
103|HyperBeam
103|MegaDrain
103|Strength
104|Boneclub
104|Growl
104|Leer
104|FocusEnergy
104|Bonemerang
104|Rage
104|Headbutt
104|TailWhip
104|MegaPunch
104|MegaKick
104|BodySlam
104|TakeDown
104|DoubleEdge
104|BubbleBeam
104|WaterGun
104|IceBeam
104|Blizzard
104|Submission
104|Counter
104|SeismicToss
104|Earthquake
104|Dig
104|Mimic
104|FireBlast
104|SkullBash
104|Rest
104|Strength
105|Boneclub
105|Growl
105|Leer
105|FocusEnergy
105|Bonemerang
105|Rage
105|Headbutt
105|TailWhip
105|MegaPunch
105|MegaKick
105|BodySlam
105|TakeDown
105|DoubleEdge
105|BubbleBeam
105|WaterGun
105|IceBeam
105|Blizzard
105|Submission
105|Counter
105|SeismicToss
105|Earthquake
105|Dig
105|Mimic
105|FireBlast
105|SkullBash
105|Rest
105|Strength
105|HyperBeam
106|DoubleKick
106|Meditate
106|RollingKick
106|JumpKick
106|FocusEnergy
106|HiJumpKick
106|MegaKick
106|MegaPunch
106|BodySlam
106|TakeDown
106|DoubleEdge
106|Submission
106|Counter
106|SeismicToss
106|Rage
106|Mimic
106|Metronome
106|Swift
106|SkullBash
106|Rest
106|Strength
107|CometPunch
107|Agility
107|FirePunch
107|IcePunch
107|ThunderPunch
107|MegaPunch
107|Counter
107|MegaKick
107|BodySlam
107|TakeDown
107|DoubleEdge
107|Submission
107|SeismicToss
107|Rage
107|Mimic
107|Metronome
107|Swift
107|SkullBash
107|Rest
107|Strength
108|Wrap
108|Supersonic
108|Stomp
108|Disable
108|DefenseCurl
108|Slam
108|Screech
108|MegaPunch
108|SwordsDance
108|MegaKick
108|BodySlam
108|TakeDown
108|DoubleEdge
108|BubbleBeam
108|WaterGun
108|IceBeam
108|Blizzard
108|HyperBeam
108|Submission
108|Counter
108|SeismicToss
108|Rage
108|Thunder
108|Thunderbolt
108|Earthquake
108|Mimic
108|FireBlast
108|SkullBash
108|Rest
108|Cut
108|Surf
108|Strength
109|Tackle
109|Smog
109|Sludge
109|Haze
109|Rage
109|Thunderbolt
109|Thunder
109|Mimic
109|FireBlast
109|Rest
110|Tackle
110|Smog
110|Sludge
110|Haze
110|Rage
110|Thunderbolt
110|Thunder
110|Mimic
110|FireBlast
110|Rest
110|HyperBeam
111|HornAttack
111|Stomp
111|TailWhip
111|FuryAttack
111|Leer
111|TakeDown
111|BodySlam
111|DoubleEdge
111|Rage
111|Thunderbolt
111|Thunder
111|Earthquake
111|Dig
111|Mimic
111|FireBlast
111|SkullBash
111|Rest
111|RockSlide
111|Strength
112|HornAttack
112|Stomp
112|TailWhip
112|FuryAttack
112|Leer
112|TakeDown
112|BodySlam
112|DoubleEdge
112|Rage
112|Thunderbolt
112|Thunder
112|Earthquake
112|Dig
112|Mimic
112|FireBlast
112|SkullBash
112|Rest
112|RockSlide
112|Strength
112|Surf
112|BubbleBeam
112|WaterGun
112|IceBeam
112|Blizzard
112|HyperBeam
112|Submission
112|Counter
112|SeismicToss
112|PayDay
113|Pound
113|TailWhip
113|DoubleSlap
113|Sing
113|Growl
113|DefenseCurl
113|DoubleEdge
113|MegaPunch
113|MegaKick
113|BodySlam
113|TakeDown
113|DoubleEdge
113|BubbleBeam
113|WaterGun
113|IceBeam
113|Blizzard
113|HyperBeam
113|Submission
113|Counter
113|SeismicToss
113|Rage
113|SolarBeam
113|Thunderbolt
113|Thunder
113|Psychic
113|Mimic
113|Metronome
113|EggBomb
113|FireBlast
113|SkullBash
113|SoftBoiled
113|Rest
113|ThunderWave
113|Psywave
113|TriAttack
113|Strength
114|Constrict
114|Bind
114|Absorb
114|VineWhip
114|PoisonPowder
114|StunSpore
114|SleepPowder
114|Slam
114|Growth
114|SwordsDance
114|BodySlam
114|TakeDown
114|DoubleEdge
114|HyperBeam
114|Rage
114|MegaDrain
114|SolarBeam
114|Mimic
114|SkullBash
114|Cut
114|Rest
115|CometPunch
115|Rage
115|Bite
115|TailWhip
115|MegaPunch
115|Leer
115|DizzyPunch
115|MegaKick
115|BodySlam
115|TakeDown
115|DoubleEdge
115|BubbleBeam
115|WaterGun
115|IceBeam
115|Blizzard
115|HyperBeam
115|Submission
115|Counter
115|SeismicToss
115|Rage
115|Thunderbolt
115|Thunder
115|Earthquake
115|Mimic
115|FireBlast
115|SkullBash
115|Rest
115|RockSlide
115|Surf
115|Strength
116|Bubble
116|Leer
116|WaterGun
116|Agility
116|HydroPump
116|TakeDown
116|DoubleEdge
116|BubbleBeam
116|IceBeam
116|Blizzard
116|Rage
116|Mimic
116|Swift
116|SkullBash
116|Rest
116|Surf
117|Bubble
117|Leer
117|WaterGun
117|Agility
117|HydroPump
117|TakeDown
117|DoubleEdge
117|BubbleBeam
117|IceBeam
117|Blizzard
117|Rage
117|Mimic
117|Swift
117|SkullBash
117|Rest
117|Surf
117|HyperBeam
118|Peck
118|TailWhip
118|Supersonic
118|HornAttack
118|FuryAttack
118|Waterfall
118|Agility
118|WaterGun
118|TakeDown
118|DoubleEdge
118|BubbleBeam
118|IceBeam
118|Blizzard
118|Rage
118|Mimic
118|Swift
118|SkullBash
118|Rest
118|Surf
119|Peck
119|TailWhip
119|Supersonic
119|HornAttack
119|FuryAttack
119|Waterfall
119|Agility
119|WaterGun
119|TakeDown
119|DoubleEdge
119|BubbleBeam
119|IceBeam
119|Blizzard
119|Rage
119|Mimic
119|Swift
119|SkullBash
119|Rest
119|Surf
119|HyperBeam
120|Tackle
120|WaterGun
120|Harden
120|Recover
120|Swift
120|HydroPump
120|TakeDown
120|DoubleEdge
120|BubbleBeam
120|IceBeam
120|Blizzard
120|Rage
120|Thunder
120|Thunderbolt
120|Psychic
120|Mimic
120|Swift
120|SkullBash
120|Rest
120|ThunderWave
120|Psywave
120|TriAttack
120|Surf
121|Tackle
121|WaterGun
121|Harden
121|Recover
121|Swift
121|HydroPump
121|TakeDown
121|DoubleEdge
121|BubbleBeam
121|IceBeam
121|Blizzard
121|Rage
121|Thunder
121|Thunderbolt
121|Psychic
121|Mimic
121|Swift
121|SkullBash
121|Rest
121|ThunderWave
121|Psywave
121|TriAttack
121|Surf
121|HyperBeam
122|Confusion
122|Barrier
122|DoubleSlap
122|Meditate
122|MegaPunch
122|MegaKick
122|BodySlam
122|TakeDown
122|DoubleEdge
122|HyperBeam
122|Submission
122|Counter
122|SeismicToss
122|Thunderbolt
122|Rage
122|SolarBeam
122|Thunder
122|Psychic
122|Mimic
122|Metronome
122|SkullBash
122|Rest
122|ThunderWave
122|Psywave
123|QuickAttack
123|Leer
123|FocusEnergy
123|Slash
123|SwordsDance
123|Agility
123|WingAttack
123|TakeDown
123|DoubleEdge
123|HyperBeam
123|Rage
123|Mimic
123|Swift
123|SkullBash
123|Rest
123|Cut
124|Pound
124|LovelyKiss
124|Lick
124|DoubleSlap
124|IcePunch
124|BodySlam
124|Blizzard
124|MegaPunch
124|MegaKick
124|TakeDown
124|DoubleEdge
124|BubbleBeam
124|WaterGun
124|IceBeam
124|Blizzard
124|HyperBeam
124|Submission
124|Counter
124|SeismicToss
124|Rage
124|Psychic
124|Mimic
124|Metronome
124|SkullBash
124|Rest
124|Psywave
125|QuickAttack
125|Leer
125|Thundershock
125|Screech
125|ThunderPunch
125|Thunder
125|MegaPunch
125|MegaKick
125|BodySlam
125|TakeDown
125|DoubleEdge
125|HyperBeam
125|Submission
125|Counter
125|SeismicToss
125|Rage
125|Thunderbolt
125|Psychic
125|Mimic
125|Metronome
125|Swift
125|SkullBash
125|Rest
125|ThunderWave
125|Psywave
125|Strength
126|Ember
126|Leer
126|ConfuseRay
126|FirePunch
126|Smog
126|Flamethrower
126|MegaPunch
126|MegaKick
126|BodySlam
126|TakeDown
126|DoubleEdge
126|HyperBeam
126|Submission
126|Counter
126|SeismicToss
126|Rage
126|Psychic
126|Mimic
126|Metronome
126|FireBlast
126|SkullBash
126|Rest
126|Strength
126|Psywave
127|ViceGrip
127|Bind
127|SeismicToss
127|FocusEnergy
127|Harden
127|Slash
127|SwordsDance
127|BodySlam
127|TakeDown
127|DoubleEdge
127|HyperBeam
127|Submission
127|Rage
127|Mimic
127|Rest
127|Cut
127|Strength
128|Tackle
128|Stomp
128|TailWhip
128|Leer
128|Rage
128|TakeDown
128|DoubleEdge
128|IceBeam
128|Blizzard
128|HyperBeam
128|Thunderbolt
128|Thunder
128|Earthquake
128|Mimic
128|FireBlast
128|SkullBash
128|Rest
128|Strength
129|Tackle
130|Tackle
130|Bite
130|DragonRage
130|Leer
130|HydroPump
130|HyperBeam
130|BodySlam
130|TakeDown
130|DoubleEdge
130|BubbleBeam
130|WaterGun
130|IceBeam
130|Blizzard
130|Rage
130|Thunderbolt
130|Thunder
130|Mimic
130|FireBlast
130|SkullBash
130|Rest
130|Surf
130|Strength
131|WaterGun
131|Growl
131|Sing
131|Mist
131|BodySlam
131|ConfuseRay
131|IceBeam
131|HydroPump
131|BodySlam
131|TakeDown
131|DoubleEdge
131|BubbleBeam
131|IceBeam
131|Blizzard
131|HyperBeam
131|Rage
131|SolarBeam
131|DragonRage
131|Thunder
131|Thunderbolt
131|Psychic
131|Mimic
131|SkullBash
131|Rest
131|Psywave
131|Surf
131|Strength
132|Transform
133|Tackle
133|QuickAttack
133|TailWhip
133|Bite
133|TakeDown
133|FocusEnergy
133|BodySlam
133|DoubleEdge
133|Rage
133|Mimic
133|Swift
133|SkullBash
133|Rest
134|Tackle
134|QuickAttack
134|TailWhip
134|Bite
134|TakeDown
134|FocusEnergy
134|BodySlam
134|DoubleEdge
134|Rage
134|Mimic
134|Swift
134|SkullBash
134|Rest
134|WaterGun
134|AcidArmor
134|Mist
134|Haze
134|AuroraBeam
134|HyperBeam
134|Surf
135|Tackle
135|QuickAttack
135|TailWhip
135|Bite
135|TakeDown
135|FocusEnergy
135|BodySlam
135|DoubleEdge
135|Rage
135|Mimic
135|Swift
135|SkullBash
135|Rest
135|Thundershock
135|ThunderWave
135|Agility
135|PinMissile
135|Thunder
135|HyperBeam
136|Tackle
136|QuickAttack
136|TailWhip
136|Bite
136|TakeDown
136|FocusEnergy
136|BodySlam
136|DoubleEdge
136|Rage
136|Mimic
136|Swift
136|SkullBash
136|Rest
136|Ember
136|FireSpin
136|Flamethrower
136|Smog
136|HyperBeam
136|FireBlast
137|Tackle
137|Sharpen
137|Conversion
137|Psybeam
137|Recover
137|Agility
137|TriAttack
137|TakeDown
137|DoubleEdge
137|IceBeam
137|Blizzard
137|HyperBeam
137|Rage
137|Thunderbolt
137|Thunder
137|Psychic
137|Mimic
137|Swift
137|SkullBash
137|Rest
137|ThunderWave
137|Psywave
137|TriAttack
138|Withdraw
138|HornAttack
138|Leer
138|SpikeCannon
138|HydroPump
138|BodySlam
138|TakeDown
138|DoubleEdge
138|BubbleBeam
138|WaterGun
138|IceBeam
138|Blizzard
138|Rage
138|Mimic
138|Rest
138|Surf
139|WaterGun
138|Withdraw
138|HornAttack
138|Leer
138|SpikeCannon
138|HydroPump
138|BodySlam
138|TakeDown
138|DoubleEdge
138|BubbleBeam
138|WaterGun
138|IceBeam
138|Blizzard
138|Rage
138|Mimic
138|Rest
138|Surf
139|HyperBeam
139|Submission
139|SeismicToss
139|SkullBash
140|Scratch
140|BodySlam
140|TakeDown
140|DoubleEdge
140|BubbleBeam
140|WaterGun
140|IceBeam
140|Blizzard
140|Rage
140|Mimic
140|Rest
140|Surf
140|Harden
140|Absorb
140|Slash
140|Leer
140|HydroPump
141|Scratch
141|BodySlam
141|TakeDown
141|DoubleEdge
141|BubbleBeam
141|WaterGun
141|IceBeam
141|Blizzard
141|Rage
141|Mimic
141|Rest
141|Surf
141|Harden
141|Absorb
141|Slash
141|Leer
141|HydroPump
141|RazorWind
141|SwordsDance
141|MegaKick
141|HyperBeam
141|Submission
141|SeismicToss
141|SkullBash
141|Cut
142|WingAttack
142|Agility
142|Supersonic
142|Bite
142|TakeDown
142|HyperBeam
142|Rage
142|DragonRage
142|Mimic
142|FireBlast
142|Swift
142|SkyAttack
142|Rest
142|Fly
143|Headbutt
143|Amnesia
143|Rest
143|BodySlam
143|Harden
143|DoubleEdge
143|HyperBeam
143|MegaPunch
143|MegaKick
143|TakeDown
143|DoubleEdge
143|BubbleBeam
143|WaterGun
143|IceBeam
143|Submission
143|SeismicToss
143|PayDay
143|Rage
143|SolarBeam
143|Thunder
143|Thunderbolt
143|Earthquake
143|Psychic
143|Mimic
143|Metronome
143|FireBlast
143|SkullBash
143|Psywave
143|RockSlide
143|Surf
143|Strength
144|Peck
144|IceBeam
144|Blizzard
144|Agility
144|Mist
144|RazorWind
144|TakeDown
144|DoubleEdge
144|BubbleBeam
144|WaterGun
144|IceBeam
144|Blizzard
144|HyperBeam
144|Rage
144|Mimic
144|Swift
144|SkyAttack
144|Fly
145|Thundershock
145|DrillPeck
145|Thunder
145|Agility
145|RazorWind
145|TakeDown
145|DoubleEdge
145|HyperBeam
145|Rage
145|Thunderbolt
145|Thunder
145|Mimic
145|Swift
145|SkyAttack
145|Rest
145|ThunderWave
145|Fly
146|Peck
146|FireSpin
146|Leer
146|Agility
146|SkyAttack
146|RazorWind
146|TakeDown
146|DoubleEdge
146|HyperBeam
146|Rage
146|Mimic
146|FireBlast
146|Swift
146|SkyAttack
146|Rest
146|Fly
147|Wrap
147|Leer
147|ThunderWave
147|Agility
147|Slam
147|DragonRage
147|HyperBeam
147|BodySlam
147|TakeDown
147|DoubleEdge
147|BubbleBeam
147|WaterGun
147|IceBeam
147|Blizzard
147|Rage
147|DragonRage
147|Thunderbolt
147|Thunder
147|Mimic
147|FireBlast
147|Swift
147|SkullBash
147|Rest
147|ThunderWave
147|Surf
148|Wrap
148|Leer
148|ThunderWave
148|Agility
148|Slam
148|DragonRage
148|HyperBeam
148|BodySlam
148|TakeDown
148|DoubleEdge
148|BubbleBeam
148|WaterGun
148|IceBeam
148|Blizzard
148|Rage
148|DragonRage
148|Thunderbolt
148|Thunder
148|Mimic
148|FireBlast
148|Swift
148|SkullBash
148|Rest
148|ThunderWave
148|Surf
149|Wrap
149|Leer
149|ThunderWave
149|Agility
149|Slam
149|DragonRage
149|HyperBeam
149|BodySlam
149|TakeDown
149|DoubleEdge
149|BubbleBeam
149|WaterGun
149|IceBeam
149|Blizzard
149|Rage
149|DragonRage
149|Thunderbolt
149|Thunder
149|Mimic
149|FireBlast
149|Swift
149|SkullBash
149|Rest
149|ThunderWave
149|Surf
149|Strength